<?xml version="1.0" encoding="UTF-8"?>
<!-- This file is not required if you don't need any extra configuration. -->
<faces-config version="2.0" xmlns="http://java.sun.com/xml/ns/javaee"
	xmlns:xsi="http://www.w3.org/2001/XMLSchema-instance"
	xsi:schemaLocation="
      http://java.sun.com/xml/ns/javaee
      http://java.sun.com/xml/ns/javaee/web-facesconfig_2_0.xsd">


	<navigation-rule>
		<from-view-id>*</from-view-id>
		<navigation-case>
			<from-action>#{businessProcess.completeTask(true)}</from-action>
			<if>#{true}</if>
			<to-view-id>/taskList.xhtml</to-view-id>
			<redirect />
		</navigation-case>
	</navigation-rule>

	<navigation-rule>
		<from-view-id>/taskForm_newOrder.xhtml</from-view-id>
		<navigation-case>
			<to-view-id>/taskList.xhtml</to-view-id>
			<redirect />
		</navigation-case>
	</navigation-rule>


</faces-config>