<beans xmlns="http://www.springframework.org/schema/beans"
	xmlns:context="http://www.springframework.org/schema/context" xmlns:tx="http://www.springframework.org/schema/tx"
	xmlns:xsi="http://www.w3.org/2001/XMLSchema-instance"
	xsi:schemaLocation="http://www.springframework.org/schema/beans    
                           http://www.springframework.org/schema/beans/spring-beans.xsd 
                           http://www.springframework.org/schema/context  
                           http://www.springframework.org/schema/context/spring-context-3.0.xsd 
                           http://www.springframework.org/schema/tx       
                           http://www.springframework.org/schema/tx/spring-tx-3.0.xsd">

	<bean id="dataSource" class="org.springframework.jdbc.datasource.SimpleDriverDataSource">
			<property name="driverClass" value="org.h2.Driver" />
			<property name="url" value="jdbc:h2:mem:activiti;DB_CLOSE_DELAY=1000" />
			<property name="username" value="sa" />
			<property name="password" value="" />
	</bean>

	<bean id="transactionManager"
		class="org.springframework.jdbc.datasource.DataSourceTransactionManager">
		<property name="dataSource" ref="dataSource" />
	</bean>

	<bean id="processEngineConfiguration" class="org.activiti.spring.SpringProcessEngineConfiguration">
		<property name="databaseType" value="h2" />
		<property name="dataSource" ref="dataSource" />
		<property name="transactionManager" ref="transactionManager" />
		<property name="databaseSchemaUpdate" value="true" />
		<property name="deploymentResources"
			value="classpath*:helloworld/helloworld.bpmn20.xml" />
		<property name="history" value="audit" />
		<property name="jobExecutorActivate" value="false" />
	</bean>

	<bean id="processEngine" class="org.activiti.spring.ProcessEngineFactoryBean">
		<property name="processEngineConfiguration" ref="processEngineConfiguration" />
	</bean>

	<bean id="repositoryService" factory-bean="processEngine"
		factory-method="getRepositoryService" />
	<bean id="runtimeService" factory-bean="processEngine"
		factory-method="getRuntimeService" />
	<bean id="taskService" factory-bean="processEngine"
		factory-method="getTaskService" />
	<bean id="historyService" factory-bean="processEngine"
		factory-method="getHistoryService" />
	<bean id="managementService" factory-bean="processEngine"
		factory-method="getManagementService" />
		
	<bean id="activitiRule" class="org.activiti.engine.test.ActivitiRule">
		<property name="processEngine" ref="processEngine" />
	</bean>

</beans>