<beans xmlns="http://www.springframework.org/schema/beans"
	xmlns:xsi="http://www.w3.org/2001/XMLSchema-instance"
	xmlns:camel="http://camel.apache.org/schema/spring"
	xsi:schemaLocation="http://www.springframework.org/schema/beans http://www.springframework.org/schema/beans/spring-beans.xsd
  				http://camel.apache.org/schema/spring http://camel.apache.org/schema/spring/camel-spring.xsd">

	<camelContext id="camelProcess" xmlns="http://camel.apache.org/schema/spring">
		<packageScan>
			<package>org.bpmnwithactiviti.chapter11.camel.helloworld</package>
		</packageScan>
	</camelContext>

	<bean id="camel" class="org.activiti.camel.CamelBehaviour">
		<constructor-arg index="0">
			<list>
				<bean class="org.activiti.camel.SimpleContextProvider">
					<constructor-arg index="0" value="helloCamelProcess" />
					<constructor-arg index="1" ref="camelProcess" />
				</bean>
			</list>
		</constructor-arg>
	</bean>

</beans>